folder,mat_file,tdms_file,pairing,time_diff,log,er_est,ER,velocity
29_08_D_100mm_90mm,LBO_sweep1_9_9_30.mat,"ER1_0,6_log1_29.08.2025_09.09.17.tdms","LBO_sweep1_9_9_30 <> ER1_0,6_log1_29.08.2025_09.09.17",0 days 00:00:00.184369,1,0.6,0.556896551724138,7.4547461368653405
29_08_D_100mm_90mm,LBO_Sweep_2_9_14_18.mat,"ER1_0,6_log2_29.08.2025_09.14.15.tdms","LBO_Sweep_2_9_14_18 <> ER1_0,6_log2_29.08.2025_09.14.15",0 days 00:00:00.023986,2,0.6,0.5896006655574044,7.045253863134658
29_08_D_100mm_90mm,LBO_Sweep_3_9_19_14.mat,"ER1_0,6_log3_29.08.2025_09.19.11.tdms","LBO_Sweep_3_9_19_14 <> ER1_0,6_log3_29.08.2025_09.19.11",0 days 00:00:00.145060,3,0.6,0.5649053627760252,7.413907284768212
29_08_D_100mm_90mm,LBO_Sweep_1_9_27_24.mat,"ER1_0,7_log1_29.08.2025_09.27.17.tdms","LBO_Sweep_1_9_27_24 <> ER1_0,7_log1_29.08.2025_09.27.17",0 days 00:00:00.048013,1,0.7,0.6326036866359448,15.32781456953642
29_08_D_100mm_90mm,LBO_Sweep_2_9_35_3.mat,"ER1_0,7_log2_29.08.2025_09.34.55.tdms","LBO_Sweep_2_9_35_3 <> ER1_0,7_log2_29.08.2025_09.34.55",0 days 00:00:00.187046,2,0.7,0.6211538461538462,15.592715231788077
29_08_D_100mm_90mm,LBO_Sweep_3_9_42_18.mat,"ER1_0,7_log3_29.08.2025_09.42.13.tdms","LBO_Sweep_3_9_42_18 <> ER1_0,7_log3_29.08.2025_09.42.13",0 days 00:00:00.204033,3,0.7,0.6340646651270209,15.294701986754966
29_08_D_100mm_90mm,LBO_Sweep_1_9_48_31.mat,"ER1_0,75_log1_29.08.2025_09.48.27.tdms","LBO_Sweep_1_9_48_31 <> ER1_0,75_log1_29.08.2025_09.48.27",0 days 00:00:00.126169,1,0.75,0.6738048780487805,24.231788079470196
29_08_D_100mm_90mm,LBO_Sweep_2_9_55_8.mat,"ER1_0,75_log2_29.08.2025_09.55.05.tdms","LBO_Sweep_2_9_55_8 <> ER1_0,75_log2_29.08.2025_09.55.05",0 days 00:00:00.154567,2,0.75,0.6835480673934589,23.87637969094923
29_08_D_100mm_90mm,LBO_Sweep_3_10_2_11.mat,"ER1_0,75_log3_29.08.2025_10.02.06.tdms","LBO_Sweep_3_10_2_11 <> ER1_0,75_log3_29.08.2025_10.02.06",0 days 00:00:00.186238,3,0.75,0.6760421775380089,24.107064017660043
29_08_D_100mm_90mm,LBO_Sweep_1_10_9_11.mat,"ER1_0,8_log1_29.08.2025_10.09.07.tdms","LBO_Sweep_1_10_9_11 <> ER1_0,8_log1_29.08.2025_10.09.07",0 days 00:00:00.009653,1,0.8,0.736774861878453,34.44370860927152
29_08_D_100mm_90mm,LBO_Sweep_2_10_16_14.mat,"ER1_0,8_log2_29.08.2025_10.16.08.tdms","LBO_Sweep_2_10_16_14 <> ER1_0,8_log2_29.08.2025_10.16.08",0 days 00:00:00.045459,2,0.8,0.7312200137080193,34.68653421633554
29_08_D_100mm_90mm,LBO_Sweep_3_10_23_11.mat,"ER1_0,8_log3_29.08.2025_10.23.04.tdms","LBO_Sweep_3_10_23_11 <> ER1_0,8_log3_29.08.2025_10.23.04",0 days 00:00:00.104994,3,0.8,0.7372840359364203,34.421633554083876
29_08_D_100mm_90mm,LBO_Sweep_1_10_30_4.mat,"ER1_0,85_log1_29.08.2025_10.29.59.tdms","LBO_Sweep_1_10_30_4 <> ER1_0,85_log1_29.08.2025_10.29.59",0 days 00:00:00.140437,1,0.85,0.795752688172043,44.498896247240616
29_08_D_100mm_90mm,LBO_Sweep_2_10_37_50.mat,"ER1_0,85_log2_29.08.2025_10.37.45.tdms","LBO_Sweep_2_10_37_50 <> ER1_0,85_log2_29.08.2025_10.37.45",0 days 00:00:00.129826,2,0.85,0.7964516999460335,44.33443708609271
29_08_D_100mm_90mm,LBO_Sweep_3_10_45_18.mat,"ER1_0,85_log3_29.08.2025_10.45.13.tdms","LBO_Sweep_3_10_45_18 <> ER1_0,85_log3_29.08.2025_10.45.13",0 days 00:00:00.026411,3,0.85,0.7945222072678332,44.433774834437074
29_08_D_100mm_90mm,LBO_Sweep_1_10_52_23.mat,"ER1_0,9_log1_29.08.2025_10.52.19.tdms","LBO_Sweep_1_10_52_23 <> ER1_0,9_log1_29.08.2025_10.52.19",0 days 00:00:00.228765,1,0.9,0.8449019160583943,52.692052980132445
29_08_D_100mm_90mm,LBO_Sweep_2_11_1_2.mat,"ER1_0,9_log2_29.08.2025_11.01.00.tdms","LBO_Sweep_2_11_1_2 <> ER1_0,9_log2_29.08.2025_11.01.00",0 days 00:00:00.110508,2,0.9,0.8382226252550442,52.98233995584989
29_08_D_100mm_90mm,LBO_Sweep_3_11_8_1.mat,"ER1_0,9_log3_29.08.2025_11.07.58.tdms","LBO_Sweep_3_11_8_1 <> ER1_0,9_log3_29.08.2025_11.07.58",0 days 00:00:00.149818,3,0.9,0.8510917030567684,52.32671081677704
01_09_D_120mm_260mm,LBO_Sweep_1_8_42_30.mat,"ER1_0,6_log1_01.09.2025_08.42.20.tdms","LBO_Sweep_1_8_42_30 <> ER1_0,6_log1_01.09.2025_08.42.20",0 days 00:00:00.200205,1,0.6,0.5373905429071804,6.658940397350992
01_09_D_120mm_260mm,LBO_Sweep_2_8_47_25.mat,"ER1_0,6_log2_01.09.2025_08.47.22.tdms","LBO_Sweep_2_8_47_25 <> ER1_0,6_log2_01.09.2025_08.47.22",0 days 00:00:00.157521,2,0.6,0.5365896980461812,6.565121412803531
01_09_D_120mm_260mm,LBO_Sweep_3_8_51_31.mat,"ER1_0,6_log3_01.09.2025_08.51.28.tdms","LBO_Sweep_3_8_51_31 <> ER1_0,6_log3_01.09.2025_08.51.28",0 days 00:00:00.048825,3,0.6,0.5508976660682225,6.504415011037527
01_09_D_120mm_260mm,LBO_Sweep_1_8_58_50.mat,ER1_0.7_log1_01.09.2025_08.58.48.tdms,LBO_Sweep_1_8_58_50 <> ER1_0.7_log1_01.09.2025_08.58.48,0 days 00:00:00.043965,1,0.7,0.6257535460992908,13.270419426048562
01_09_D_120mm_260mm,LBO_Sweep_2_9_4_11.mat,ER1_0.7_log2_01.09.2025_09.04.07.tdms,LBO_Sweep_2_9_4_11 <> ER1_0.7_log2_01.09.2025_09.04.07,0 days 00:00:00.139925,2,0.7,0.6224714160070359,13.3719646799117
01_09_D_120mm_260mm,LBO_Sweep_3_9_9_21.mat,ER1_0.7_log3_01.09.2025_09.09.18.tdms,LBO_Sweep_3_9_9_21 <> ER1_0.7_log3_01.09.2025_09.09.18,0 days 00:00:00.219799,3,0.7,0.6307932263814616,13.206401766004415
01_09_D_120mm_260mm,LBO_Sweep_1_9_20_36.mat,ER1_0.75_log1_01.09.2025_09.20.33.tdms,LBO_Sweep_1_9_20_36 <> ER1_0.75_log1_01.09.2025_09.20.33,0 days 00:00:00.164461,1,0.75,0.6674157303370786,19.975717439293597
01_09_D_120mm_260mm,LBO_Sweep_2_9_27_6.mat,ER1_0.75_log2_01.09.2025_09.27.03.tdms,LBO_Sweep_2_9_27_6 <> ER1_0.75_log2_01.09.2025_09.27.03,0 days 00:00:00.239969,2,0.75,0.6614979520187244,20.1766004415011
01_09_D_120mm_260mm,LBO_Sweep_3_9_33_11.mat,ER1_0.75_log3_01.09.2025_09.33.08.tdms,LBO_Sweep_3_9_33_11 <> ER1_0.75_log3_01.09.2025_09.33.08,0 days 00:00:00.035022,3,0.75,0.6643863769817968,20.11147902869757
01_09_D_120mm_260mm,LBO_Sweep_1_9_44_7.mat,ER1_0.8_log1_01.09.2025_09.43.59.tdms,LBO_Sweep_1_9_44_7 <> ER1_0.8_log1_01.09.2025_09.43.59,0 days 00:00:00.151921,1,0.8,0.710363859362224,29.016556291390724
01_09_D_120mm_260mm,LBO_Sweep_2_9_51_7.mat,ER1_0.8_log2_01.09.2025_09.51.04.tdms,LBO_Sweep_2_9_51_7 <> ER1_0.8_log2_01.09.2025_09.51.04,0 days 00:00:00.097739,2,0.8,0.708139534883721,29.069536423841058
01_09_D_120mm_260mm,LBO_Sweep_3_9_56_17.mat,ER1_0.8_log3_01.09.2025_09.56.14.tdms,LBO_Sweep_3_9_56_17 <> ER1_0.8_log3_01.09.2025_09.56.14,0 days 00:00:00.179371,3,0.8,0.709204081632653,29.06070640176601
01_09_D_120mm_260mm,LBO_Sweep_1_10_17_53.mat,ER1_0.85_log1_01.09.2025_10.17.50.tdms,LBO_Sweep_1_10_17_53 <> ER1_0.85_log1_01.09.2025_10.17.50,0 days 00:00:00.108510,1,0.85,0.7620493066255778,38.68984547461368
01_09_D_120mm_260mm,LBO_Sweep_2_10_31_21.mat,ER1_0.85_log2_01.09.2025_10.31.19.tdms,LBO_Sweep_2_10_31_21 <> ER1_0.85_log2_01.09.2025_10.31.19,0 days 00:00:00.102171,2,0.85,0.7613495985176035,38.6037527593819
01_09_D_120mm_260mm,LBO_Sweep_3_10_53_22.mat,ER1_0.85_log3_01.09.2025_10.53.20.tdms,LBO_Sweep_3_10_53_22 <> ER1_0.85_log3_01.09.2025_10.53.20,0 days 00:00:00.027802,3,0.85,0.7632352941176471,38.515452538631344
01_09_D_120mm_260mm,LBO_Sweep_1_11_8_45.mat,ER1_0.9_log1_01.09.2025_11.08.43.tdms,LBO_Sweep_1_11_8_45 <> ER1_0.9_log1_01.09.2025_11.08.43,0 days 00:00:00.028741,1,0.9,0.8166422108094888,49.01214128035319
01_09_D_120mm_260mm,LBO_Sweep_2_11_16_41.mat,ER1_0.9_log2_01.09.2025_11.16.38.tdms,LBO_Sweep_2_11_16_41 <> ER1_0.9_log2_01.09.2025_11.16.38,0 days 00:00:00.038533,2,0.9,0.8205925743791495,48.76710816777041
01_09_D_120mm_260mm,LBO_Sweep_3_11_21_5.mat,ER1_0.9_log3_01.09.2025_11.20.59.tdms,LBO_Sweep_3_11_21_5 <> ER1_0.9_log3_01.09.2025_11.20.59,0 days 00:00:00.003497,3,0.9,0.8285980148883374,48.36092715231787
01_09_D_120mm_260mm,LBO_Sweep_1_11_39_56.mat,ER1_0.95_log1_01.09.2025_11.39.53.tdms,LBO_Sweep_1_11_39_56 <> ER1_0.95_log1_01.09.2025_11.39.53,0 days 00:00:00.142558,1,0.95,0.8688462349715249,57.11479028697572
01_09_D_120mm_260mm,LBO_Sweep_2_11_44_3.mat,ER1_0.95_log2_01.09.2025_11.43.59.tdms,LBO_Sweep_2_11_44_3 <> ER1_0.95_log2_01.09.2025_11.43.59,0 days 00:00:00.210483,2,0.95,0.8628057704369643,57.58719646799116
01_09_D_120mm_260mm,LBO_Sweep_3_11_49_55.mat,ER1_0.95_log3_01.09.2025_11.49.51.tdms,LBO_Sweep_3_11_49_55 <> ER1_0.95_log3_01.09.2025_11.49.51,0 days 00:00:00.156796,3,0.95,0.8713171759747103,57.1766004415011
03_09_D_88mm_350mm,LBO_Sweep_1_8_39_29.mat,"ER1_0,65_Log1_03.09.2025_08.39.27.tdms","LBO_Sweep_1_8_39_29 <> ER1_0,65_Log1_03.09.2025_08.39.27",0 days 00:00:00.008785,1,0.65,0.5619718309859156,9.130242825607063
03_09_D_88mm_350mm,LBO_Sweep_2_8_46_19.mat,"ER1_0,65_Log2_03.09.2025_08.46.16.tdms","LBO_Sweep_2_8_46_19 <> ER1_0,65_Log2_03.09.2025_08.46.16",0 days 00:00:00.160992,2,0.65,0.5537688442211055,9.298013245033111
03_09_D_88mm_350mm,LBO_Sweep_1_8_47_59.mat,"ER1_0,71_Log1_04.09.2025_08.47.54.tdms","LBO_Sweep_1_8_47_59 <> ER1_0,71_Log1_04.09.2025_08.47.54",0 days 00:00:00.132272,1,0.71,0.6457111834961998,21.713024282560703
03_09_D_88mm_350mm,LBO_Sweep_3_8_52_36.mat,"ER1_0,65_Log3_03.09.2025_08.52.34.tdms","LBO_Sweep_3_8_52_36 <> ER1_0,65_Log3_03.09.2025_08.52.34",0 days 00:00:00.234840,3,0.65,0.5675483870967742,9.065121412803531
03_09_D_88mm_350mm,LBO_Sweep_2_8_54_8.mat,"ER1_0,71_Log2_04.09.2025_08.54.05.tdms","LBO_Sweep_2_8_54_8 <> ER1_0,71_Log2_04.09.2025_08.54.05",0 days 00:00:00.082704,2,0.71,0.6421816227834498,21.929359823399558
03_09_D_88mm_350mm,LBO_Sweep_3_9_0_6.mat,"ER1_0,71_Log3_04.09.2025_09.00.03.tdms","LBO_Sweep_3_9_0_6 <> ER1_0,71_Log3_04.09.2025_09.00.03",0 days 00:00:00.224015,3,0.71,0.6418367346938775,21.940397350993376
03_09_D_88mm_350mm,LBO_Sweep_1_9_18_52.mat,"ER1_0,7_Log1_03.09.2025_09.18.49.tdms","LBO_Sweep_1_9_18_52 <> ER1_0,7_Log1_03.09.2025_09.18.49",0 days 00:00:00.222862,1,0.7,0.605685986793837,16.003311258278146
03_09_D_88mm_350mm,LBO_Sweep_2_9_25_18.mat,"ER1_0,7_Log2_03.09.2025_09.25.15.tdms","LBO_Sweep_2_9_25_18 <> ER1_0,7_Log2_03.09.2025_09.25.15",0 days 00:00:00.099901,2,0.7,0.604102564102564,16.0242825607064
03_09_D_88mm_350mm,LBO_Sweep_3_9_30_56.mat,"ER1_0,7_Log3_03.09.2025_09.30.53.tdms","LBO_Sweep_3_9_30_56 <> ER1_0,7_Log3_03.09.2025_09.30.53",0 days 00:00:00.077979,3,0.7,0.6112676056338027,15.847682119205299
03_09_D_88mm_350mm,LBO_Sweep_1_9_48_47.mat,"ER1_0,72_Log1_03.09.2025_09.48.44.tdms","LBO_Sweep_1_9_48_47 <> ER1_0,72_Log1_03.09.2025_09.48.44",0 days 00:00:00.079348,1,0.72,0.674324903557651,27.578366445916114
03_09_D_88mm_350mm,LBO_Sweep_2_9_53_29.mat,"ER1_0,72_Log2_03.09.2025_09.53.27.tdms","LBO_Sweep_2_9_53_29 <> ER1_0,72_Log2_03.09.2025_09.53.27",0 days 00:00:00.077787,2,0.72,0.6766451612903225,27.49006622516556
03_09_D_88mm_350mm,LBO_Sweep_3_9_58_33.mat,"ER1_0,72_Log3_03.09.2025_09.58.30.tdms","LBO_Sweep_3_9_58_33 <> ER1_0,72_Log3_03.09.2025_09.58.30",0 days 00:00:00.210632,3,0.72,0.670755119453925,27.69867549668874
03_09_D_88mm_350mm,LBO_Sweep_1_10_35_46.mat,"ER1_0,75_Log1_03.09.2025_10.35.44.tdms","LBO_Sweep_1_10_35_46 <> ER1_0,75_Log1_03.09.2025_10.35.44",0 days 00:00:00.221809,1,0.75,0.7157690005984441,39.666666666666664
03_09_D_88mm_350mm,LBO_Sweep_1_11_1_15.mat,"ER1_0,6_Log1_03.09.2025_11.01.13.tdms","LBO_Sweep_1_11_1_15 <> ER1_0,6_Log1_03.09.2025_11.01.13",0 days 00:00:00.005457,1,0.6,0.5347305389221557,7.788079470198675
03_09_D_88mm_350mm,LBO_Sweep_2_11_7_56.mat,"ER1_0,6_Log2_03.09.2025_11.07.53.tdms","LBO_Sweep_2_11_7_56 <> ER1_0,6_Log2_03.09.2025_11.07.53",0 days 00:00:00.167418,2,0.6,0.5484686064318529,7.623620309050771
03_09_D_88mm_350mm,LBO_Sweep_3_11_14_33.mat,"ER1_0,6_Log3_03.09.2025_11.14.31.tdms","LBO_Sweep_3_11_14_33 <> ER1_0,6_Log3_03.09.2025_11.14.31",0 days 00:00:00.005500,3,0.6,0.528092399403875,7.817880794701987
28_08_D_100mm_260mm,LBO_Sweep_1_10_37_19.mat,log1_28.08.2025_10.37.04.tdms,LBO_Sweep_1_10_37_19 <> log1_28.08.2025_10.37.04,0 days 00:00:00.049065,1,,0.5688198757763975,9.417218543046355
28_08_D_100mm_260mm,LBO_Sweep_2_10_47_35.mat,log2_28.08.2025_10.47.23.tdms,LBO_Sweep_2_10_47_35 <> log2_28.08.2025_10.47.23,0 days 00:00:00.030464,2,,0.5761904761904761,9.342163355408388
28_08_D_100mm_260mm,LBO_Sweep_3_10_54_6.mat,log3_28.08.2025_10.53.56.tdms,LBO_Sweep_3_10_54_6 <> log3_28.08.2025_10.53.56,0 days 00:00:00.208320,3,,0.5764447236180905,9.318984547461367
28_08_D_100mm_260mm,LBO_Sweep_1_11_15_25.mat,"ER10,7_log1_28.08.2025_11.15.05.tdms","LBO_Sweep_1_11_15_25 <> ER10,7_log1_28.08.2025_11.15.05",0 days 00:00:00.090675,1,,0.6280152671755725,15.415011037527593
28_08_D_100mm_260mm,LBO_Sweep_2_11_23_46.mat,"ER10,7_log2_28.08.2025_11.23.49.tdms","LBO_Sweep_2_11_23_46 <> ER10,7_log2_28.08.2025_11.23.49",0 days 00:00:00.171179,2,,0.615871833084948,15.772626931567325
28_08_D_100mm_260mm,LBO_Sweep_3_11_29_58.mat,"ER10,7_log3_28.08.2025_11.29.53.tdms","LBO_Sweep_3_11_29_58 <> ER10,7_log3_28.08.2025_11.29.53",0 days 00:00:00.186383,3,,0.6186377245508982,15.706401766004412
28_08_D_100mm_260mm,LBO_Sweep_1_12_26_21.mat,"ER1_0,75_log1_28.08.2025_12.26.18.tdms","LBO_Sweep_1_12_26_21 <> ER1_0,75_log1_28.08.2025_12.26.18",0 days 00:00:00.197332,1,0.75,0.6678899082568808,24.46578366445916
28_08_D_100mm_260mm,LBO_Sweep_2_12_38_34.mat,"ER1_0,75_log2_28.08.2025_12.38.29.tdms","LBO_Sweep_2_12_38_34 <> ER1_0,75_log2_28.08.2025_12.38.29",0 days 00:00:00.022053,2,0.75,0.6680260617760618,24.477924944812358
28_08_D_100mm_260mm,LBO_Sweep_3_12_44_26.mat,"ER1_0,75_log3_28.08.2025_12.44.23.tdms","LBO_Sweep_3_12_44_26 <> ER1_0,75_log3_28.08.2025_12.44.23",0 days 00:00:00.118742,3,0.75,0.6720524017467249,24.357615894039736
28_08_D_100mm_260mm,LBO_Sweep_1_13_7_34.mat,"ER1_0,8_log1_28.08.2025_13.07.27.tdms","LBO_Sweep_1_13_7_34 <> ER1_0,8_log1_28.08.2025_13.07.27",0 days 00:00:00.063883,1,0.8,0.7190838404327248,35.120309050772626
28_08_D_100mm_260mm,LBO_Sweep_2_13_16_30.mat,"ER1_0,8_log2_28.08.2025_13.16.27.tdms","LBO_Sweep_2_13_16_30 <> ER1_0,8_log2_28.08.2025_13.16.27",0 days 00:00:00.233250,2,0.8,0.7229519295870007,35.086092715231786
28_08_D_100mm_260mm,LBO_Sweep_3_13_22_23.mat,"ER1_0,8_log3_28.08.2025_13.22.24.tdms","LBO_Sweep_3_13_22_23 <> ER1_0,8_log3_28.08.2025_13.22.24",0 days 00:00:00.291180,3,0.8,0.7204353695578806,35.18432671081678
28_08_D_100mm_260mm,LBO_Sweep_1_14_29_5.mat,"ER1_0,85_log1_28.08.2025_14.28.41.tdms","LBO_Sweep_1_14_29_5 <> ER1_0,85_log1_28.08.2025_14.28.41",0 days 00:00:00.203451,1,0.85,0.7748951232302045,45.53090507726269
28_08_D_100mm_260mm,LBO_Sweep_2_14_51_26.mat,"ER1_0,85_log2_28.08.2025_14.51.22.tdms","LBO_Sweep_2_14_51_26 <> ER1_0,85_log2_28.08.2025_14.51.22",0 days 00:00:00.169267,2,0.85,0.7730075777371309,45.677704194260485
28_08_D_100mm_260mm,LBO_Sweep_3_14_58_6.mat,"ER1_0,85_log3_28.08.2025_14.57.21.tdms","LBO_Sweep_3_14_58_6 <> ER1_0,85_log3_28.08.2025_14.57.21",0 days 00:00:00.095332,3,0.85,0.7707920792079208,45.79911699779249
28_08_D_100mm_260mm,LBO_Sweep_1_15_31_5.mat,"ER1_0,9_log1_28.08.2025_15.30.38.tdms","LBO_Sweep_1_15_31_5 <> ER1_0,9_log1_28.08.2025_15.30.38",0 days 00:00:00.088711,1,0.9,0.8214965685189285,54.16777041942604
28_08_D_100mm_260mm,LBO_Sweep_2_15_47_16.mat,"ER1_0,9_log2_28.08.2025_15.47.03.tdms","LBO_Sweep_2_15_47_16 <> ER1_0,9_log2_28.08.2025_15.47.03",0 days 00:00:00.103243,2,0.9,0.8258847095481862,53.902869757174386
28_08_D_100mm_260mm,LBO_Sweep_3_15_53_6.mat,"ER1_0,9_log3_28.08.2025_15.52.13.tdms","LBO_Sweep_3_15_53_6 <> ER1_0,9_log3_28.08.2025_15.52.13",0 days 00:00:00.191734,3,0.9,0.8213365896980461,54.011037527593814
28_08_D_100mm_260mm,LBO_Sweep_1_16_24_30.mat,"ER1_0,75_log1_28.08.2025_16.24.19.tdms","LBO_Sweep_1_16_24_30 <> ER1_0,75_log1_28.08.2025_16.24.19",0 days 00:00:00.011785,1,0.75,0.6583813514929282,22.53090507726269
28_08_D_100mm_260mm,LBO_Sweep_2_16_31_4.mat,"ER1_0,75_log2_28.08.2025_16.30.46.tdms","LBO_Sweep_2_16_31_4 <> ER1_0,75_log2_28.08.2025_16.30.46",0 days 00:00:00.177690,2,0.75,0.6563185378590077,22.597130242825603
28_08_D_100mm_260mm,LBO_Sweep_3_16_37_52.mat,"ER1_0,75_log3_28.08.2025_16.37.49.tdms","LBO_Sweep_3_16_37_52 <> ER1_0,75_log3_28.08.2025_16.37.49",0 days 00:00:00.178328,3,0.75,0.6596113445378152,22.474613686534216
29_08_D_88mm_260mm,LBO_Sweep_1_11_55_49.mat,"ER1_0,6_log1_29.08.2025_11.55.46.tdms","LBO_Sweep_1_11_55_49 <> ER1_0,6_log1_29.08.2025_11.55.46",0 days 00:00:00.232561,1,0.6,0.5448529411764707,8.729580573951434
29_08_D_88mm_260mm,LBO_Sweep_1_12_1_18.mat,"ER1_0,6_log1_29.08.2025_12.01.11.tdms","LBO_Sweep_1_12_1_18 <> ER1_0,6_log1_29.08.2025_12.01.11",0 days 00:00:00.037464,1,0.6,0.5405172413793103,8.79580573951435
29_08_D_88mm_260mm,LBO_Sweep_2_12_6_40.mat,"ER1_0,6_log2_29.08.2025_12.06.36.tdms","LBO_Sweep_2_12_6_40 <> ER1_0,6_log2_29.08.2025_12.06.36",0 days 00:00:00.144647,2,0.6,0.5463136729222521,8.707505518763798
29_08_D_88mm_260mm,LBO_Sweep_3_12_11_38.mat,"ER1_0,6_log3_29.08.2025_12.11.35.tdms","LBO_Sweep_3_12_11_38 <> ER1_0,6_log3_29.08.2025_12.11.35",0 days 00:00:00.002735,3,0.6,0.55,8.652317880794701
29_08_D_88mm_260mm,LBO_Sweep_1_12_34_38.mat,"ER1_0,7_log1_29.08.2025_12.34.34.tdms","LBO_Sweep_1_12_34_38 <> ER1_0,7_log1_29.08.2025_12.34.34",0 days 00:00:00.237225,1,0.7,0.6128804751299184,15.826710816777041
29_08_D_88mm_260mm,LBO_Sweep_2_12_41_26.mat,"ER1_0,7_log2_29.08.2025_12.41.22.tdms","LBO_Sweep_2_12_41_26 <> ER1_0,7_log2_29.08.2025_12.41.22",0 days 00:00:00.241519,2,0.7,0.6044819985304923,15.977924944812361
29_08_D_88mm_260mm,LBO_Sweep_3_12_46_37.mat,"ER1_0,7_log3_29.08.2025_12.46.34.tdms","LBO_Sweep_3_12_46_37 <> ER1_0,7_log3_29.08.2025_12.46.34",0 days 00:00:00.039796,3,0.7,0.6045454545454545,16.013245033112586
29_08_D_88mm_260mm,LBO_Sweep_1_13_7_27.mat,"ER1_0,75_log1_29.08.2025_13.07.25.tdms","LBO_Sweep_1_13_7_27 <> ER1_0,75_log1_29.08.2025_13.07.25",0 days 00:00:00.094296,1,0.75,0.7317903930131004,40.83443708609271
29_08_D_88mm_260mm,LBO_Sweep_2_13_12_55.mat,"ER1_0,75_log2_29.08.2025_13.12.53.tdms","LBO_Sweep_2_13_12_55 <> ER1_0,75_log2_29.08.2025_13.12.53",0 days 00:00:00.172876,2,0.75,0.7298141155968633,40.92163355408388
29_08_D_88mm_260mm,LBO_Sweep_3_13_19_5.mat,"ER1_0,75_log3_29.08.2025_13.19.02.tdms","LBO_Sweep_3_13_19_5 <> ER1_0,75_log3_29.08.2025_13.19.02",0 days 00:00:00.193994,3,0.75,0.7247762056020792,41.13907284768212
29_08_D_88mm_260mm,LBO_Sweep_1_13_48_21.mat,"ER1_0,8_log1_29.08.2025_13.48.18.tdms","LBO_Sweep_1_13_48_21 <> ER1_0,8_log1_29.08.2025_13.48.18",0 days 00:00:00.054886,1,0.8,0.7786630891273916,51.18432671081678
29_08_D_88mm_260mm,LBO_Sweep_2_13_55_45.mat,"ER1_0,8_log2_29.08.2025_13.55.43.tdms","LBO_Sweep_2_13_55_45 <> ER1_0,8_log2_29.08.2025_13.55.43",0 days 00:00:00.199254,2,0.8,0.7766682221185254,51.17439293598234
29_08_D_88mm_260mm,LBO_Sweep_3_14_2_7.mat,"ER1_0,8_log3_29.08.2025_14.02.04.tdms","LBO_Sweep_3_14_2_7 <> ER1_0,8_log3_29.08.2025_14.02.04",0 days 00:00:00.237831,3,0.8,0.7767086540704454,51.18653421633554
29_08_D_88mm_260mm,LBO_Sweep_1_14_25_40.mat,"ER1_0,85_log1_29.08.2025_14.25.36.tdms","LBO_Sweep_1_14_25_40 <> ER1_0,85_log1_29.08.2025_14.25.36",0 days 00:00:00.152063,1,0.85,0.8234482063683999,59.515452538631344
29_08_D_88mm_260mm,LBO_Sweep_2_14_32_38.mat,"ER1_0,85_log2_29.08.2025_14.32.35.tdms","LBO_Sweep_2_14_32_38 <> ER1_0,85_log2_29.08.2025_14.32.35",0 days 00:00:00.025456,2,0.85,0.8225796692214602,59.462472406181014
29_08_D_88mm_260mm,LBO_Sweep_3_14_38_51.mat,"ER1_0,85_log3_29.08.2025_14.38.47.tdms","LBO_Sweep_3_14_38_51 <> ER1_0,85_log3_29.08.2025_14.38.47",0 days 00:00:00.165120,3,0.85,0.8280327537403963,59.349889624724064
29_08_D_88mm_260mm,LBO_Sweep_1_15_3_59.mat,"ER1_0,9_log1_29.08.2025_15.03.43.tdms","LBO_Sweep_1_15_3_59 <> ER1_0,9_log1_29.08.2025_15.03.43",0 days 00:00:00.166786,1,0.9,0.8726345250993139,66.74061810154525
29_08_D_88mm_260mm,LBO_Sweep_2_15_13_54.mat,"ER1_0,9_log1_set2_29.08.2025_15.13.51.tdms","LBO_Sweep_2_15_13_54 <> ER1_0,9_log1_set2_29.08.2025_15.13.51",0 days 00:00:00.247110,1,0.9,0.8630508474576271,67.48565121412803
02_09_D_88mm_200mm,LBO_Sweep_1_13_18_29.mat,"ER1_0,65_Log1_02.09.2025_13.18.26.tdms","LBO_Sweep_1_13_18_29 <> ER1_0,65_Log1_02.09.2025_13.18.26",0 days 00:00:00.238756,1,0.65,0.5631882202304739,9.131346578366443
02_09_D_88mm_200mm,LBO_Sweep_2_13_22_24.mat,"ER1_0,65_Log2_02.09.2025_13.22.22.tdms","LBO_Sweep_2_13_22_24 <> ER1_0,65_Log2_02.09.2025_13.22.22",0 days 00:00:00.067736,2,0.65,0.5639102564102565,9.120309050772626
02_09_D_88mm_200mm,LBO_Sweep_3_13_26_31.mat,"ER1_0,65_Log3_02.09.2025_13.26.27.tdms","LBO_Sweep_3_13_26_31 <> ER1_0,65_Log3_02.09.2025_13.26.27",0 days 00:00:00.180119,3,0.65,0.5639102564102565,9.120309050772626
02_09_D_88mm_200mm,LBO_Sweep_3_13_30_40.mat,"ER1_0,7_Log1_02.09.2025_13.30.37.tdms","LBO_Sweep_3_13_30_40 <> ER1_0,7_Log1_02.09.2025_13.30.37",0 days 00:00:00.099406,1,0.7,0.6181750186985789,15.71743929359823
02_09_D_88mm_200mm,LBO_Sweep_2_13_35_42.mat,"ER1_0,7_Log2_02.09.2025_13.35.39.tdms","LBO_Sweep_2_13_35_42 <> ER1_0,7_Log2_02.09.2025_13.35.39",0 days 00:00:00.193520,2,0.7,0.619534184823441,15.649006622516557
02_09_D_88mm_200mm,LBO_Sweep_3_13_41_5.mat,"ER1_0,7_Log3_02.09.2025_13.41.01.tdms","LBO_Sweep_3_13_41_5 <> ER1_0,7_Log3_02.09.2025_13.41.01",0 days 00:00:00.145584,3,0.7,0.6204665161775771,15.626931567328917
02_09_D_88mm_200mm,LBO_Sweep_1_13_55_31.mat,"ER1_0,72_Log1_02.09.2025_13.55.27.tdms","LBO_Sweep_1_13_55_31 <> ER1_0,72_Log1_02.09.2025_13.55.27",0 days 00:00:00.286178,1,0.72,0.6972405271828667,28.766004415011036
02_09_D_88mm_200mm,LBO_Sweep_2_14_0_45.mat,"ER1_0,72_Log2_02.09.2025_14.00.42.tdms","LBO_Sweep_2_14_0_45 <> ER1_0,72_Log2_02.09.2025_14.00.42",0 days 00:00:00.226474,2,0.72,0.701762754043965,28.57726269315673
02_09_D_88mm_200mm,LBO_Sweep_3_14_5_7.mat,"ER1_0,72_Log3_02.09.2025_14.05.04.tdms","LBO_Sweep_3_14_5_7 <> ER1_0,72_Log3_02.09.2025_14.05.04",0 days 00:00:00.083853,3,0.72,0.6988865979381444,28.73509933774834
02_09_D_88mm_200mm,LBO_Sweep_1_14_28_9.mat,"ER1_0,75_Log1_02.09.2025_14.28.06.tdms","LBO_Sweep_1_14_28_9 <> ER1_0,75_Log1_02.09.2025_14.28.06",0 days 00:00:00.076332,1,0.75,0.7325681969394543,35.737306843267106
02_09_D_88mm_200mm,LBO_Sweep_2_14_32_13.mat,"ER1_0,75_Log2_02.09.2025_14.32.10.tdms","LBO_Sweep_2_14_32_13 <> ER1_0,75_Log2_02.09.2025_14.32.10",0 days 00:00:00.246909,2,0.75,0.7325681969394543,35.737306843267106
02_09_D_88mm_200mm,LBO_Sweep_3_14_36_10.mat,"ER1_0,75_Log3_02.09.2025_14.36.07.tdms","LBO_Sweep_3_14_36_10 <> ER1_0,75_Log3_02.09.2025_14.36.07",0 days 00:00:00.242607,3,0.75,0.7330559254327564,35.715231788079464
02_09_D_88mm_200mm,LBO_Sweep_1_14_51_17.mat,"ER1_0,8_Log1_02.09.2025_14.51.15.tdms","LBO_Sweep_1_14_51_17 <> ER1_0,8_Log1_02.09.2025_14.51.15",0 days 00:00:00.190944,1,0.8,0.776625,42.983443708609265
02_09_D_88mm_200mm,LBO_Sweep_2_14_55_20.mat,"ER1_0,8_Log2_02.09.2025_14.55.18.tdms","LBO_Sweep_2_14_55_20 <> ER1_0,8_Log2_02.09.2025_14.55.18",0 days 00:00:00.220776,2,0.8,0.7713026714403746,43.331125827814574
02_09_D_88mm_200mm,LBO_Sweep_3_15_0_6.mat,"ER1_0,8_Log3_02.09.2025_15.00.02.tdms","LBO_Sweep_3_15_0_6 <> ER1_0,8_Log3_02.09.2025_15.00.02",0 days 00:00:00.128318,3,0.8,0.7698051056821301,43.46799116997792
02_09_D_88mm_200mm,LBO_Sweep_1_15_22_1.mat,"ER1_0,85_Log1_02.09.2025_15.21.57.tdms","LBO_Sweep_1_15_22_1 <> ER1_0,85_Log1_02.09.2025_15.21.57",0 days 00:00:00.030393,1,0.85,0.8354655056932351,53.78476821192052
02_09_D_88mm_200mm,LBO_Sweep_2_15_26_6.mat,"ER1_0,85_Log2_02.09.2025_15.26.03.tdms","LBO_Sweep_2_15_26_6 <> ER1_0,85_Log2_02.09.2025_15.26.03",0 days 00:00:00.125200,2,0.85,0.8301916221033868,53.8653421633554
02_09_D_88mm_200mm,LBO_Sweep_3_15_30_12.mat,"ER1_0,85_Log3_02.09.2025_15.30.09.tdms","LBO_Sweep_3_15_30_12 <> ER1_0,85_Log3_02.09.2025_15.30.09",0 days 00:00:00.001625,3,0.85,0.829041186891054,54.19536423841059
29_08_D_88mm_90mm,LBO_Sweep_1_15_35_37.mat,"ER1_0,85_log1_29.08.2025_15.35.34.tdms","LBO_Sweep_1_15_35_37 <> ER1_0,85_log1_29.08.2025_15.35.34",0 days 00:00:00.243130,1,0.85,0.8091964285714287,46.95253863134657
29_08_D_88mm_90mm,LBO_Sweep_2_15_46_36.mat,"ER1_0,85_log2_29.08.2025_15.46.32.tdms","LBO_Sweep_2_15_46_36 <> ER1_0,85_log2_29.08.2025_15.46.32",0 days 00:00:00.099428,2,0.85,0.8158219706714691,46.58719646799116
29_08_D_88mm_90mm,LBO_Sweep_3_15_51_6.mat,"ER1_0,85_log3_29.08.2025_15.51.03.tdms","LBO_Sweep_3_15_51_6 <> ER1_0,85_log3_29.08.2025_15.51.03",0 days 00:00:00.130391,3,0.85,0.8131025641025642,46.730684326710815
29_08_D_120mm_90mm,LBO_Sweep_1_15_59_14.mat,"ER1_0,85_log1_29.08.2025_15.59.10.tdms","LBO_Sweep_1_15_59_14 <> ER1_0,85_log1_29.08.2025_15.59.10",0 days 00:00:00.141772,1,0.85,0.7899775407074676,42.5849889624724
29_08_D_120mm_90mm,LBO_Sweep_2_16_4_13.mat,"ER1_0,85_log2_29.08.2025_16.04.10.tdms","LBO_Sweep_2_16_4_13 <> ER1_0,85_log2_29.08.2025_16.04.10",0 days 00:00:00.007557,2,0.85,0.7840345500139314,42.88300220750552
29_08_D_120mm_90mm,LBO_Sweep_3_16_10_47.mat,"ER1_0,85_log3_29.08.2025_16.10.44.tdms","LBO_Sweep_3_16_10_47 <> ER1_0,85_log3_29.08.2025_16.10.44",0 days 00:00:00.281684,3,0.85,0.7856943280245879,42.77041942604856
